{"cameraMode":{"drawMode":0,"name":"Shaded","section":"Shading Mode"},"sceneLighting":true,"audioPlay":false,"sceneViewState":{"showFog":false,"showMaterialUpdate":false,"showSkybox":false,"showFlares":false,"showImageEffects":false,"showParticleSystems":true},"in2DMode":false,"pivot":{"x":0.0,"y":6.409999847412109,"z":4.400000095367432},"rotation":{"x":-0.22164390981197358,"y":0.0026310861576348545,"z":-0.0005801449296995997,"w":-0.9751240015029907},"size":2.8578836917877199,"orthographic":false}