{"cameraMode":{"drawMode":0,"name":"Shaded","section":"Shading Mode"},"sceneLighting":true,"audioPlay":false,"sceneViewState":{"showFog":false,"showMaterialUpdate":false,"showSkybox":false,"showFlares":false,"showImageEffects":false,"showParticleSystems":true},"in2DMode":false,"pivot":{"x":-0.043342024087905887,"y":0.016523268073797227,"z":0.04146978259086609},"rotation":{"x":-0.13228969275951386,"y":-0.8497198820114136,"z":0.4427097737789154,"w":-0.25393617153167727},"size":43.126136779785159,"orthographic":false}