{"cameraMode":{"drawMode":0,"name":"Shaded","section":"Shading Mode"},"sceneLighting":true,"audioPlay":false,"sceneViewState":{"showFog":false,"showMaterialUpdate":false,"showSkybox":false,"showFlares":false,"showImageEffects":false,"showParticleSystems":false},"in2DMode":false,"pivot":{"x":-3.9000000953674318,"y":6.409999847412109,"z":17.389999389648439},"rotation":{"x":0.002951177069917321,"y":0.9922974109649658,"z":-0.12147236615419388,"w":0.024118658155202867},"size":5.41811466217041,"orthographic":false}