{"cameraMode":{"drawMode":0,"name":"Shaded","section":"Shading Mode"},"sceneLighting":false,"audioPlay":false,"sceneViewState":{"showFog":false,"showMaterialUpdate":false,"showSkybox":false,"showFlares":false,"showImageEffects":false,"showParticleSystems":true},"in2DMode":false,"pivot":{"x":4.480000019073486,"y":4.699999809265137,"z":-28.93000030517578},"rotation":{"x":-0.04432816058397293,"y":-0.8148915767669678,"z":0.5745113492012024,"w":-0.06263893097639084},"size":23.29323387145996,"orthographic":false}