{"cameraMode":{"drawMode":0,"name":"Shaded","section":"Shading Mode"},"sceneLighting":false,"audioPlay":false,"sceneViewState":{"showFog":false,"showMaterialUpdate":false,"showSkybox":false,"showFlares":false,"showImageEffects":false,"showParticleSystems":true},"in2DMode":false,"pivot":{"x":4.480000019073486,"y":4.849999904632568,"z":-28.93000030517578},"rotation":{"x":0.0008962788851931691,"y":0.8025094866752625,"z":0.00120268773753196,"w":-0.5966375470161438},"size":21.445724487304689,"orthographic":false}