{"cameraMode":{"drawMode":0,"name":"Shaded","section":"Shading Mode"},"sceneLighting":false,"audioPlay":false,"sceneViewState":{"showFog":false,"showMaterialUpdate":false,"showSkybox":false,"showFlares":false,"showImageEffects":false,"showParticleSystems":false},"in2DMode":false,"pivot":{"x":0.4040210247039795,"y":2.333477020263672,"z":-10.26485824584961},"rotation":{"x":-0.262254923582077,"y":0.6944924592971802,"z":-0.30541014671325686,"w":-0.5963450074195862},"size":15.177007675170899,"orthographic":false}