{"cameraMode":{"drawMode":0,"name":"Shaded","section":"Shading Mode"},"sceneLighting":false,"audioPlay":false,"sceneViewState":{"showFog":false,"showMaterialUpdate":false,"showSkybox":false,"showFlares":false,"showImageEffects":false,"showParticleSystems":false},"in2DMode":false,"pivot":{"x":11.329160690307618,"y":4.28000020980835,"z":-26.556062698364259},"rotation":{"x":0.07939606159925461,"y":0.022427089512348176,"z":-0.0017866704147309065,"w":0.9965892434120178},"size":40.15047073364258,"orthographic":false}