{"cameraMode":{"drawMode":0,"name":"Shaded","section":"Shading Mode"},"sceneLighting":true,"audioPlay":false,"sceneViewState":{"showFog":false,"showMaterialUpdate":false,"showSkybox":false,"showFlares":false,"showImageEffects":false,"showParticleSystems":false},"in2DMode":false,"pivot":{"x":11.319108963012696,"y":30.19993019104004,"z":4.238295555114746},"rotation":{"x":0.17299465835094453,"y":-0.7577388882637024,"z":0.5884602665901184,"w":0.2227538526058197},"size":65.3140640258789,"orthographic":false}