{"cameraMode":{"drawMode":0,"name":"Shaded","section":"Shading Mode"},"sceneLighting":true,"audioPlay":false,"sceneViewState":{"showFog":false,"showMaterialUpdate":false,"showSkybox":false,"showFlares":false,"showImageEffects":false,"showParticleSystems":false},"in2DMode":false,"pivot":{"x":-3.9000000953674318,"y":6.409999847412109,"z":17.389999389648439},"rotation":{"x":-0.2326807677745819,"y":0.762917160987854,"z":-0.47079581022262576,"w":-0.37705230712890627},"size":1.291089653968811,"orthographic":false}