{"cameraMode":{"drawMode":0,"name":"Shaded","section":"Shading Mode"},"sceneLighting":true,"audioPlay":false,"sceneViewState":{"showFog":false,"showMaterialUpdate":false,"showSkybox":false,"showFlares":false,"showImageEffects":false,"showParticleSystems":true},"in2DMode":false,"pivot":{"x":13.847160339355469,"y":-28.94623565673828,"z":11.630783081054688},"rotation":{"x":-0.42126646637916567,"y":-0.37837398052215578,"z":0.19931508600711823,"w":-0.7997757196426392},"size":102.18682098388672,"orthographic":false}