{"cameraMode":{"drawMode":0,"name":"Shaded","section":"Shading Mode"},"sceneLighting":false,"audioPlay":false,"sceneViewState":{"showFog":false,"showMaterialUpdate":false,"showSkybox":false,"showFlares":false,"showImageEffects":false,"showParticleSystems":false},"in2DMode":false,"pivot":{"x":-0.017000004649162294,"y":0.5600000023841858,"z":2.299999952316284},"rotation":{"x":-0.262254923582077,"y":0.6944924592971802,"z":-0.30541014671325686,"w":-0.5963450074195862},"size":2.8578836917877199,"orthographic":false}