{"cameraMode":{"drawMode":0,"name":"Shaded","section":"Shading Mode"},"sceneLighting":true,"audioPlay":false,"sceneViewState":{"showFog":false,"showMaterialUpdate":false,"showSkybox":false,"showFlares":false,"showImageEffects":false,"showParticleSystems":false},"in2DMode":false,"pivot":{"x":3.169727325439453,"y":-3.371016263961792,"z":-8.750104904174805},"rotation":{"x":0.17861826717853547,"y":-0.8202037811279297,"z":0.3592284321784973,"w":0.407819002866745},"size":70.74520111083985,"orthographic":false}