{"cameraMode":{"drawMode":0,"name":"Shaded","section":"Shading Mode"},"sceneLighting":true,"audioPlay":false,"sceneViewState":{"showFog":false,"showMaterialUpdate":false,"showSkybox":false,"showFlares":false,"showImageEffects":false,"showParticleSystems":true},"in2DMode":false,"pivot":{"x":0.7645331621170044,"y":-8.015620231628418,"z":-13.76574993133545},"rotation":{"x":0.04463142901659012,"y":-0.9443933367729187,"z":0.2921307384967804,"w":0.14418330788612367},"size":52.88234329223633,"orthographic":false}