{"cameraMode":{"drawMode":0,"name":"Shaded","section":"Shading Mode"},"sceneLighting":true,"audioPlay":false,"sceneViewState":{"showFog":false,"showMaterialUpdate":false,"showSkybox":false,"showFlares":false,"showImageEffects":false,"showParticleSystems":true},"in2DMode":false,"pivot":{"x":-0.043342024087905887,"y":0.016523268073797227,"z":0.04146978259086609},"rotation":{"x":-0.17262424528598786,"y":-0.7731088995933533,"z":0.5622782707214356,"w":-0.23737476766109467},"size":43.126136779785159,"orthographic":false}