{"cameraMode":{"drawMode":0,"name":"Shaded","section":"Shading Mode"},"sceneLighting":true,"audioPlay":false,"sceneViewState":{"showFog":false,"showMaterialUpdate":false,"showSkybox":false,"showFlares":false,"showImageEffects":false,"showParticleSystems":true},"in2DMode":false,"pivot":{"x":-9.442150115966797,"y":-1.1201756000518799,"z":6.170753002166748},"rotation":{"x":0.00904711801558733,"y":0.9897579550743103,"z":-0.07346873730421066,"w":0.12206436693668366},"size":4.044840335845947,"orthographic":false}